;Regular;Diverted;Training and validation;Test;Proportion
EU;746;46;643;149;0.231726283
US;316;22;276;62;0.2246376812
Total;1062;68;919;211;0.2295973885
;;;;;
Overall;1130;;;;
